image_id,filename,source_category,annotation_low_moderate_high,annotator_1,annotator_2,annotator_3,notes
image_001,image_001.jpg,Bellandur_Lake_Bangalore,,,,,
image_002,image_002.jpg,Bellandur_Lake_Bangalore,,,,,
image_003,image_003.jpg,Bellandur_Lake_Bangalore,,,,,
image_004,image_004.jpg,Bellandur_Lake_Bangalore,,,,,
image_005,image_005.jpg,Bellandur_Lake_Bangalore,,,,,
image_006,image_006.jpg,Bellandur_Lake_Bangalore,,,,,
image_007,image_007.jpg,Bellandur_Lake_Bangalore,,,,,
image_008,image_008.jpg,Bellandur_Lake_Bangalore,,,,,
image_009,image_009.jpg,Bellandur_Lake_Bangalore,,,,,
image_010,image_010.jpg,Bellandur_Lake_Bangalore,,,,,
image_011,image_011.jpg,Bellandur_Lake_Bangalore,,,,,
image_012,image_012.jpg,Bellandur_Lake_Bangalore,,,,,
image_013,image_013.jpg,Bellandur_Lake_Bangalore,,,,,
image_014,image_014.jpg,Bellandur_Lake_Bangalore,,,,,
image_015,image_015.jpg,Bellandur_Lake_Bangalore,,,,,
image_016,image_016.jpg,Bellandur_Lake_Bangalore,,,,,
image_017,image_017.jpg,Bellandur_Lake_Bangalore,,,,,
image_018,image_018.jpg,Bellandur_Lake_Bangalore,,,,,
image_019,image_019.jpg,Bellandur_Lake_Bangalore,,,,,
image_020,image_020.jpg,Bellandur_Lake_Bangalore,,,,,
image_021,image_021.jpg,Bellandur_Lake_Bangalore,,,,,
image_022,image_022.jpg,Bellandur_Lake_Bangalore,,,,,
image_023,image_023.jpg,Bellandur_Lake_Bangalore,,,,,
image_024,image_024.jpg,Bellandur_Lake_Bangalore,,,,,
image_025,image_025.jpg,Bellandur_Lake_Bangalore,,,,,
image_026,image_026.jpg,Bellandur_Lake_Bangalore,,,,,
image_027,image_027.jpg,Bellandur_Lake_Bangalore,,,,,
image_028,image_028.jpg,Bellandur_Lake_Bangalore,,,,,
image_029,image_029.jpg,Bellandur_Lake_Bangalore,,,,,
image_030,image_030.jpg,Bellandur_Lake_Bangalore,,,,,
image_031,image_031.jpg,Bellandur_Lake_Bangalore,,,,,
image_032,image_032.jpg,Bellandur_Lake_Bangalore,,,,,
image_033,image_033.jpg,Bellandur_Lake_Bangalore,,,,,
image_034,image_034.jpg,Dirty_Rivers_India,,,,,
image_035,image_035.jpg,Dirty_Rivers_India,,,,,
image_036,image_036.jpg,Dirty_Rivers_India,,,,,
image_037,image_037.jpg,Dirty_Rivers_India,,,,,
image_038,image_038.jpg,Dirty_Rivers_India,,,,,
image_039,image_039.jpg,Dirty_Rivers_India,,,,,
image_040,image_040.jpg,Dirty_Rivers_India,,,,,
image_041,image_041.jpg,Dirty_Rivers_India,,,,,
image_042,image_042.jpg,Dirty_Rivers_India,,,,,
image_043,image_043.jpg,Dirty_Rivers_India,,,,,
image_044,image_044.jpg,Dirty_Rivers_India,,,,,
image_045,image_045.jpg,Dirty_Rivers_India,,,,,
image_046,image_046.jpg,Dirty_Rivers_India,,,,,
image_047,image_047.jpg,Dirty_Rivers_India,,,,,
image_048,image_048.jpg,Dirty_Rivers_India,,,,,
image_049,image_049.jpg,Dirty_Rivers_India,,,,,
image_050,image_050.jpg,Dirty_Rivers_India,,,,,
image_051,image_051.jpg,Dirty_Rivers_India,,,,,
image_052,image_052.jpg,Dirty_Rivers_India,,,,,
image_053,image_053.jpg,Dirty_Rivers_India,,,,,
image_054,image_054.jpg,Dirty_Rivers_India,,,,,
image_055,image_055.jpg,Dirty_Rivers_India,,,,,
image_056,image_056.jpg,Dirty_Rivers_India,,,,,
image_057,image_057.jpg,Dirty_Rivers_India,,,,,
image_058,image_058.jpg,Dirty_Rivers_India,,,,,
image_059,image_059.jpg,Dirty_Rivers_India,,,,,
image_060,image_060.jpg,Dirty_Rivers_India,,,,,
image_061,image_061.jpg,Dirty_Rivers_India,,,,,
image_062,image_062.jpg,Dirty_Rivers_India,,,,,
image_063,image_063.jpg,Dirty_Rivers_India,,,,,
image_064,image_064.jpg,Dirty_Rivers_India,,,,,
image_065,image_065.jpg,Dirty_Rivers_India,,,,,
image_066,image_066.jpg,Dirty_Rivers_India,,,,,
image_067,image_067.jpg,Hussain_Sagar_Hyderabad,,,,,
image_068,image_068.jpg,Hussain_Sagar_Hyderabad,,,,,
image_069,image_069.jpg,Hussain_Sagar_Hyderabad,,,,,
image_070,image_070.jpg,Hussain_Sagar_Hyderabad,,,,,
image_071,image_071.jpg,Hussain_Sagar_Hyderabad,,,,,
image_072,image_072.jpg,Hussain_Sagar_Hyderabad,,,,,
image_073,image_073.jpg,Hussain_Sagar_Hyderabad,,,,,
image_074,image_074.jpg,Hussain_Sagar_Hyderabad,,,,,
image_075,image_075.jpg,Hussain_Sagar_Hyderabad,,,,,
image_076,image_076.jpg,Hussain_Sagar_Hyderabad,,,,,
image_077,image_077.jpg,Hussain_Sagar_Hyderabad,,,,,
image_078,image_078.jpg,Hussain_Sagar_Hyderabad,,,,,
image_079,image_079.jpg,Hussain_Sagar_Hyderabad,,,,,
image_080,image_080.jpg,Hussain_Sagar_Hyderabad,,,,,
image_081,image_081.jpg,Hussain_Sagar_Hyderabad,,,,,
image_082,image_082.jpg,Hussain_Sagar_Hyderabad,,,,,
image_083,image_083.jpg,Hussain_Sagar_Hyderabad,,,,,
image_084,image_084.jpg,Hussain_Sagar_Hyderabad,,,,,
image_085,image_085.jpg,Hussain_Sagar_Hyderabad,,,,,
image_086,image_086.jpg,Hussain_Sagar_Hyderabad,,,,,
image_087,image_087.jpg,Hussain_Sagar_Hyderabad,,,,,
image_088,image_088.jpg,Hussain_Sagar_Hyderabad,,,,,
image_089,image_089.jpg,Hussain_Sagar_Hyderabad,,,,,
image_090,image_090.jpg,Hussain_Sagar_Hyderabad,,,,,
image_091,image_091.jpg,Hussain_Sagar_Hyderabad,,,,,
image_092,image_092.jpg,Hussain_Sagar_Hyderabad,,,,,
image_093,image_093.jpg,Hussain_Sagar_Hyderabad,,,,,
image_094,image_094.jpg,Hussain_Sagar_Hyderabad,,,,,
image_095,image_095.jpg,Hussain_Sagar_Hyderabad,,,,,
image_096,image_096.jpg,Hussain_Sagar_Hyderabad,,,,,
image_097,image_097.jpg,Hussain_Sagar_Hyderabad,,,,,
image_098,image_098.jpg,Hussain_Sagar_Hyderabad,,,,,
image_099,image_099.jpg,Hussain_Sagar_Hyderabad,,,,,
image_100,image_100.jpg,Polluted_Lakes_India,,,,,
image_101,image_101.jpg,Polluted_Lakes_India,,,,,
image_102,image_102.jpg,Polluted_Lakes_India,,,,,
image_103,image_103.jpg,Polluted_Lakes_India,,,,,
image_104,image_104.jpg,Polluted_Lakes_India,,,,,
image_105,image_105.jpg,Polluted_Lakes_India,,,,,
image_106,image_106.jpg,Polluted_Lakes_India,,,,,
image_107,image_107.jpg,Polluted_Lakes_India,,,,,
image_108,image_108.jpg,Polluted_Lakes_India,,,,,
image_109,image_109.jpg,Polluted_Lakes_India,,,,,
image_110,image_110.jpg,Polluted_Lakes_India,,,,,
image_111,image_111.jpg,Polluted_Lakes_India,,,,,
image_112,image_112.jpg,Polluted_Lakes_India,,,,,
image_113,image_113.jpg,Polluted_Lakes_India,,,,,
image_114,image_114.jpg,Polluted_Lakes_India,,,,,
image_115,image_115.jpg,Polluted_Lakes_India,,,,,
image_116,image_116.jpg,Polluted_Lakes_India,,,,,
image_117,image_117.jpg,Polluted_Lakes_India,,,,,
image_118,image_118.jpg,Polluted_Lakes_India,,,,,
image_119,image_119.jpg,Polluted_Lakes_India,,,,,
image_120,image_120.jpg,Polluted_Lakes_India,,,,,
image_121,image_121.jpg,Polluted_Lakes_India,,,,,
image_122,image_122.jpg,Polluted_Lakes_India,,,,,
image_123,image_123.jpg,Polluted_Lakes_India,,,,,
image_124,image_124.jpg,Polluted_Lakes_India,,,,,
image_125,image_125.jpg,Polluted_Lakes_India,,,,,
image_126,image_126.jpg,Polluted_Lakes_India,,,,,
image_127,image_127.jpg,Polluted_Lakes_India,,,,,
image_128,image_128.jpg,Polluted_Lakes_India,,,,,
image_129,image_129.jpg,Polluted_Lakes_India,,,,,
image_130,image_130.jpg,Polluted_Lakes_India,,,,,
image_131,image_131.jpg,Polluted_Lakes_India,,,,,
image_132,image_132.jpg,Polluted_Lakes_India,,,,,
image_133,image_133.jpg,Urban_Drains_India,,,,,
image_134,image_134.jpg,Urban_Drains_India,,,,,
image_135,image_135.jpg,Urban_Drains_India,,,,,
image_136,image_136.jpg,Urban_Drains_India,,,,,
image_137,image_137.jpg,Urban_Drains_India,,,,,
image_138,image_138.jpg,Urban_Drains_India,,,,,
image_139,image_139.jpg,Urban_Drains_India,,,,,
image_140,image_140.jpg,Urban_Drains_India,,,,,
image_141,image_141.jpg,Urban_Drains_India,,,,,
image_142,image_142.jpg,Urban_Drains_India,,,,,
image_143,image_143.jpg,Urban_Drains_India,,,,,
image_144,image_144.jpg,Urban_Drains_India,,,,,
image_145,image_145.jpg,Urban_Drains_India,,,,,
image_146,image_146.jpg,Urban_Drains_India,,,,,
image_147,image_147.jpg,Urban_Drains_India,,,,,
image_148,image_148.jpg,Urban_Drains_India,,,,,
image_149,image_149.jpg,Urban_Drains_India,,,,,
image_150,image_150.jpg,Urban_Drains_India,,,,,
image_151,image_151.jpg,Urban_Drains_India,,,,,
image_152,image_152.jpg,Urban_Drains_India,,,,,
image_153,image_153.jpg,Urban_Drains_India,,,,,
image_154,image_154.jpg,Urban_Drains_India,,,,,
image_155,image_155.jpg,Urban_Drains_India,,,,,
image_156,image_156.jpg,Urban_Drains_India,,,,,
image_157,image_157.jpg,Urban_Drains_India,,,,,
image_158,image_158.jpg,Urban_Drains_India,,,,,
image_159,image_159.jpg,Urban_Drains_India,,,,,
image_160,image_160.jpg,Urban_Drains_India,,,,,
image_161,image_161.jpg,Urban_Drains_India,,,,,
image_162,image_162.jpg,Urban_Drains_India,,,,,
image_163,image_163.jpg,Urban_Drains_India,,,,,
image_164,image_164.jpg,Urban_Drains_India,,,,,
image_165,image_165.jpg,Urban_Drains_India,,,,,
image_166,image_166.jpg,Yamuna_River_Delhi,,,,,
image_167,image_167.jpg,Yamuna_River_Delhi,,,,,
image_168,image_168.jpg,Yamuna_River_Delhi,,,,,
image_169,image_169.jpg,Yamuna_River_Delhi,,,,,
image_170,image_170.jpg,Yamuna_River_Delhi,,,,,
image_171,image_171.jpg,Yamuna_River_Delhi,,,,,
image_172,image_172.jpg,Yamuna_River_Delhi,,,,,
image_173,image_173.jpg,Yamuna_River_Delhi,,,,,
image_174,image_174.jpg,Yamuna_River_Delhi,,,,,
image_175,image_175.jpg,Yamuna_River_Delhi,,,,,
image_176,image_176.jpg,Yamuna_River_Delhi,,,,,
image_177,image_177.jpg,Yamuna_River_Delhi,,,,,
image_178,image_178.jpg,Yamuna_River_Delhi,,,,,
image_179,image_179.jpg,Yamuna_River_Delhi,,,,,
image_180,image_180.jpg,Yamuna_River_Delhi,,,,,
image_181,image_181.jpg,Yamuna_River_Delhi,,,,,
image_182,image_182.jpg,Yamuna_River_Delhi,,,,,
image_183,image_183.jpg,Yamuna_River_Delhi,,,,,
image_184,image_184.jpg,Yamuna_River_Delhi,,,,,
image_185,image_185.jpg,Yamuna_River_Delhi,,,,,
image_186,image_186.jpg,Yamuna_River_Delhi,,,,,
image_187,image_187.jpg,Yamuna_River_Delhi,,,,,
image_188,image_188.jpg,Yamuna_River_Delhi,,,,,
image_189,image_189.jpg,Yamuna_River_Delhi,,,,,
image_190,image_190.jpg,Yamuna_River_Delhi,,,,,
image_191,image_191.jpg,Yamuna_River_Delhi,,,,,
image_192,image_192.jpg,Yamuna_River_Delhi,,,,,
image_193,image_193.jpg,Yamuna_River_Delhi,,,,,
image_194,image_194.jpg,Yamuna_River_Delhi,,,,,
image_195,image_195.jpg,Yamuna_River_Delhi,,,,,
image_196,image_196.jpg,Yamuna_River_Delhi,,,,,
image_197,image_197.jpg,Yamuna_River_Delhi,,,,,
image_198,image_198.jpg,Yamuna_River_Delhi,,,,,
image_199,image_199.jpg,Bellandur_Lake_Bangalore,,,,,
image_200,image_200.jpg,Bellandur_Lake_Bangalore,,,,,
