image_id,water_body_name,location_city,source_url,license,collection_date,evidence_status
IND_001.jpg,Vrishabhavathi River,Bengaluru,UNKNOWN,UNKNOWN,UNKNOWN,UNRESOLVED
IND_002.jpg,Wular Lake,Srinagar,UNKNOWN,UNKNOWN,UNKNOWN,UNRESOLVED
IND_003.jpg,Adyar River,Chennai,UNKNOWN,UNKNOWN,UNKNOWN,UNRESOLVED
IND_004.jpg,Unknown Lake,Karnataka,UNKNOWN,UNKNOWN,UNKNOWN,UNRESOLVED
IND_005.jpg,Yamuna River,Delhi,UNKNOWN,UNKNOWN,UNKNOWN,UNRESOLVED
IND_006.jpg,Backwaters,Kerala,UNKNOWN,UNKNOWN,UNKNOWN,UNRESOLVED
IND_007.jpg,Musi River,Hyderabad,UNKNOWN,UNKNOWN,UNKNOWN,UNRESOLVED
IND_008.jpg,Kaveri River,Srirangapatna,UNKNOWN,UNKNOWN,UNKNOWN,UNRESOLVED
IND_009.jpg,Wular Lake,Srinagar,UNKNOWN,UNKNOWN,UNKNOWN,UNRESOLVED
IND_010.jpg,Hooghly River,Kolkata,UNKNOWN,UNKNOWN,UNKNOWN,UNRESOLVED
IND_011.jpg,Sambhar Lake,Rajasthan,UNKNOWN,UNKNOWN,UNKNOWN,UNRESOLVED
IND_012.jpg,Gomti River,Lucknow,UNKNOWN,UNKNOWN,UNKNOWN,UNRESOLVED
IND_013.jpg,Mula-Mutha River,Pune,UNKNOWN,UNKNOWN,UNKNOWN,UNRESOLVED
IND_014.jpg,Bhojtal,Bhopal,UNKNOWN,UNKNOWN,UNKNOWN,UNRESOLVED
IND_015.jpg,Canal,Punjab,UNKNOWN,UNKNOWN,UNKNOWN,UNRESOLVED
IND_016.jpg,Drain,Delhi,UNKNOWN,UNKNOWN,UNKNOWN,UNRESOLVED
IND_017.jpg,Ropar Wetland,Punjab,UNKNOWN,UNKNOWN,UNKNOWN,UNRESOLVED
IND_018.jpg,Dal Lake,Srinagar,UNKNOWN,UNKNOWN,UNKNOWN,UNRESOLVED
IND_019.jpg,Kaveri River,Srirangapatna,UNKNOWN,UNKNOWN,UNKNOWN,UNRESOLVED
IND_020.jpg,Kaveri River,Srirangapatna,UNKNOWN,UNKNOWN,UNKNOWN,UNRESOLVED
IND_021.jpg,Pushkar Lake,Ajmer,UNKNOWN,UNKNOWN,UNKNOWN,UNRESOLVED
IND_022.jpg,Ropar Wetland,Punjab,UNKNOWN,UNKNOWN,UNKNOWN,UNRESOLVED
IND_023.jpg,Dal Lake,Srinagar,UNKNOWN,UNKNOWN,UNKNOWN,UNRESOLVED
IND_024.jpg,Brahmaputra River,Guwahati,UNKNOWN,UNKNOWN,UNKNOWN,UNRESOLVED
IND_025.jpg,Drain,Delhi,UNKNOWN,UNKNOWN,UNKNOWN,UNRESOLVED
IND_026.jpg,Ganga River,Varanasi,UNKNOWN,UNKNOWN,UNKNOWN,UNRESOLVED
IND_027.jpg,Loktak Lake,Imphal,UNKNOWN,UNKNOWN,UNKNOWN,UNRESOLVED
IND_028.jpg,Unknown River,Maharashtra,UNKNOWN,UNKNOWN,UNKNOWN,UNRESOLVED
IND_029.jpg,Gomti River,Lucknow,UNKNOWN,UNKNOWN,UNKNOWN,UNRESOLVED
IND_030.jpg,Pushkar Lake,Ajmer,UNKNOWN,UNKNOWN,UNKNOWN,UNRESOLVED
IND_031.jpg,Drain,Delhi,UNKNOWN,UNKNOWN,UNKNOWN,UNRESOLVED
IND_032.jpg,Unknown Lake,Karnataka,UNKNOWN,UNKNOWN,UNKNOWN,UNRESOLVED
IND_033.jpg,Adyar River,Chennai,UNKNOWN,UNKNOWN,UNKNOWN,UNRESOLVED
IND_034.jpg,Ganga River,Varanasi,UNKNOWN,UNKNOWN,UNKNOWN,UNRESOLVED
IND_035.jpg,Hooghly River,Kolkata,UNKNOWN,UNKNOWN,UNKNOWN,UNRESOLVED
IND_036.jpg,Dal Lake,Srinagar,UNKNOWN,UNKNOWN,UNKNOWN,UNRESOLVED
IND_037.jpg,Pushkar Lake,Ajmer,UNKNOWN,UNKNOWN,UNKNOWN,UNRESOLVED
IND_038.jpg,Vrishabhavathi River,Bengaluru,UNKNOWN,UNKNOWN,UNKNOWN,UNRESOLVED
IND_039.jpg,Wular Lake,Srinagar,UNKNOWN,UNKNOWN,UNKNOWN,UNRESOLVED
IND_040.jpg,Pichola Lake,Udaipur,UNKNOWN,UNKNOWN,UNKNOWN,UNRESOLVED
IND_041.jpg,Chilika Lake,Odisha,UNKNOWN,UNKNOWN,UNKNOWN,UNRESOLVED
IND_042.jpg,Nainital Lake,Nainital,UNKNOWN,UNKNOWN,UNKNOWN,UNRESOLVED
IND_043.jpg,Musi River,Hyderabad,UNKNOWN,UNKNOWN,UNKNOWN,UNRESOLVED
IND_044.jpg,Hooghly River,Kolkata,UNKNOWN,UNKNOWN,UNKNOWN,UNRESOLVED
IND_045.jpg,Backwaters,Kerala,UNKNOWN,UNKNOWN,UNKNOWN,UNRESOLVED
IND_046.jpg,Ropar Wetland,Punjab,UNKNOWN,UNKNOWN,UNKNOWN,UNRESOLVED
IND_047.jpg,Brahmaputra River,Guwahati,UNKNOWN,UNKNOWN,UNKNOWN,UNRESOLVED
IND_048.jpg,Cooum River,Chennai,UNKNOWN,UNKNOWN,UNKNOWN,UNRESOLVED
IND_049.jpg,Adyar River,Chennai,UNKNOWN,UNKNOWN,UNKNOWN,UNRESOLVED
IND_050.jpg,Chilika Lake,Odisha,UNKNOWN,UNKNOWN,UNKNOWN,UNRESOLVED
IND_051.jpg,Gomti River,Lucknow,UNKNOWN,UNKNOWN,UNKNOWN,UNRESOLVED
IND_052.jpg,Nainital Lake,Nainital,UNKNOWN,UNKNOWN,UNKNOWN,UNRESOLVED
IND_053.jpg,Ropar Wetland,Punjab,UNKNOWN,UNKNOWN,UNKNOWN,UNRESOLVED
IND_054.jpg,Stepwell,Rajasthan,UNKNOWN,UNKNOWN,UNKNOWN,UNRESOLVED
IND_055.jpg,Dal Lake,Srinagar,UNKNOWN,UNKNOWN,UNKNOWN,UNRESOLVED
IND_056.jpg,Kaveri River,Srirangapatna,UNKNOWN,UNKNOWN,UNKNOWN,UNRESOLVED
IND_057.jpg,Ganga River,Varanasi,UNKNOWN,UNKNOWN,UNKNOWN,UNRESOLVED
IND_058.jpg,Dal Lake,Srinagar,UNKNOWN,UNKNOWN,UNKNOWN,UNRESOLVED
IND_059.jpg,Wular Lake,Srinagar,UNKNOWN,UNKNOWN,UNKNOWN,UNRESOLVED
IND_060.jpg,Gomti River,Lucknow,UNKNOWN,UNKNOWN,UNKNOWN,UNRESOLVED
IND_061.jpg,Unknown River,Maharashtra,UNKNOWN,UNKNOWN,UNKNOWN,UNRESOLVED
IND_062.jpg,Brahmaputra River,Guwahati,UNKNOWN,UNKNOWN,UNKNOWN,UNRESOLVED
IND_063.jpg,Musi River,Hyderabad,UNKNOWN,UNKNOWN,UNKNOWN,UNRESOLVED
IND_064.jpg,Upper Lake,Bhopal,UNKNOWN,UNKNOWN,UNKNOWN,UNRESOLVED
IND_065.jpg,Ganga River,Varanasi,UNKNOWN,UNKNOWN,UNKNOWN,UNRESOLVED
IND_066.jpg,Ganga River,Varanasi,UNKNOWN,UNKNOWN,UNKNOWN,UNRESOLVED
IND_067.jpg,Mula-Mutha River,Pune,UNKNOWN,UNKNOWN,UNKNOWN,UNRESOLVED
IND_068.jpg,Musi River,Hyderabad,UNKNOWN,UNKNOWN,UNKNOWN,UNRESOLVED
IND_069.jpg,Sabarmati River,Ahmedabad,UNKNOWN,UNKNOWN,UNKNOWN,UNRESOLVED
IND_070.jpg,Dal Lake,Srinagar,UNKNOWN,UNKNOWN,UNKNOWN,UNRESOLVED
IND_071.jpg,Ganga River,Varanasi,UNKNOWN,UNKNOWN,UNKNOWN,UNRESOLVED
IND_072.jpg,Bellandur Lake,Bengaluru,UNKNOWN,UNKNOWN,UNKNOWN,UNRESOLVED
IND_073.jpg,Hooghly River,Kolkata,UNKNOWN,UNKNOWN,UNKNOWN,UNRESOLVED
IND_074.jpg,Tso Moriri,Ladakh,UNKNOWN,UNKNOWN,UNKNOWN,UNRESOLVED
IND_075.jpg,Bellandur Lake,Bengaluru,UNKNOWN,UNKNOWN,UNKNOWN,UNRESOLVED
IND_076.jpg,Pushkar Lake,Ajmer,UNKNOWN,UNKNOWN,UNKNOWN,UNRESOLVED
IND_077.jpg,Drain,Delhi,UNKNOWN,UNKNOWN,UNKNOWN,UNRESOLVED
IND_078.jpg,Musi River,Hyderabad,UNKNOWN,UNKNOWN,UNKNOWN,UNRESOLVED
IND_079.jpg,Ganga River,Varanasi,UNKNOWN,UNKNOWN,UNKNOWN,UNRESOLVED
IND_080.jpg,Canal,Punjab,UNKNOWN,UNKNOWN,UNKNOWN,UNRESOLVED
IND_081.jpg,Loktak Lake,Imphal,UNKNOWN,UNKNOWN,UNKNOWN,UNRESOLVED
IND_082.jpg,Temple Tank,Tamil Nadu,UNKNOWN,UNKNOWN,UNKNOWN,UNRESOLVED
IND_083.jpg,Ganga River,Varanasi,UNKNOWN,UNKNOWN,UNKNOWN,UNRESOLVED
IND_084.jpg,Sabarmati River,Ahmedabad,UNKNOWN,UNKNOWN,UNKNOWN,UNRESOLVED
IND_085.jpg,Brahmaputra River,Guwahati,UNKNOWN,UNKNOWN,UNKNOWN,UNRESOLVED
IND_086.jpg,Unknown Lake,Karnataka,UNKNOWN,UNKNOWN,UNKNOWN,UNRESOLVED
IND_087.jpg,Cooum River,Chennai,UNKNOWN,UNKNOWN,UNKNOWN,UNRESOLVED
IND_088.jpg,Stepwell,Rajasthan,UNKNOWN,UNKNOWN,UNKNOWN,UNRESOLVED
IND_089.jpg,Loktak Lake,Imphal,UNKNOWN,UNKNOWN,UNKNOWN,UNRESOLVED
IND_090.jpg,Nainital Lake,Nainital,UNKNOWN,UNKNOWN,UNKNOWN,UNRESOLVED
IND_091.jpg,Bellandur Lake,Bengaluru,UNKNOWN,UNKNOWN,UNKNOWN,UNRESOLVED
IND_092.jpg,Dal Lake,Srinagar,UNKNOWN,UNKNOWN,UNKNOWN,UNRESOLVED
IND_093.jpg,Temple Tank,Tamil Nadu,UNKNOWN,UNKNOWN,UNKNOWN,UNRESOLVED
IND_094.jpg,Brahmaputra River,Guwahati,UNKNOWN,UNKNOWN,UNKNOWN,UNRESOLVED
IND_095.jpg,Canal,Punjab,UNKNOWN,UNKNOWN,UNKNOWN,UNRESOLVED
IND_096.jpg,Drain,Delhi,UNKNOWN,UNKNOWN,UNKNOWN,UNRESOLVED
IND_097.jpg,Mula-Mutha River,Pune,UNKNOWN,UNKNOWN,UNKNOWN,UNRESOLVED
IND_098.jpg,Chilika Lake,Odisha,UNKNOWN,UNKNOWN,UNKNOWN,UNRESOLVED
IND_099.jpg,Mula-Mutha River,Pune,UNKNOWN,UNKNOWN,UNKNOWN,UNRESOLVED
IND_100.jpg,Pichola Lake,Udaipur,UNKNOWN,UNKNOWN,UNKNOWN,UNRESOLVED
IND_101.jpg,Chilika Lake,Odisha,UNKNOWN,UNKNOWN,UNKNOWN,UNRESOLVED
IND_102.jpg,Ganga River,Varanasi,UNKNOWN,UNKNOWN,UNKNOWN,UNRESOLVED
IND_103.jpg,Wular Lake,Srinagar,UNKNOWN,UNKNOWN,UNKNOWN,UNRESOLVED
IND_104.jpg,Adyar River,Chennai,UNKNOWN,UNKNOWN,UNKNOWN,UNRESOLVED
IND_105.jpg,Fateh Sagar,Udaipur,UNKNOWN,UNKNOWN,UNKNOWN,UNRESOLVED
IND_106.jpg,Upper Lake,Bhopal,UNKNOWN,UNKNOWN,UNKNOWN,UNRESOLVED
IND_107.jpg,Vrishabhavathi River,Bengaluru,UNKNOWN,UNKNOWN,UNKNOWN,UNRESOLVED
IND_108.jpg,Mithi River,Mumbai,UNKNOWN,UNKNOWN,UNKNOWN,UNRESOLVED
IND_109.jpg,Upper Lake,Bhopal,UNKNOWN,UNKNOWN,UNKNOWN,UNRESOLVED
IND_110.jpg,Nainital Lake,Nainital,UNKNOWN,UNKNOWN,UNKNOWN,UNRESOLVED
IND_111.jpg,Bhojtal,Bhopal,UNKNOWN,UNKNOWN,UNKNOWN,UNRESOLVED
IND_112.jpg,Mula-Mutha River,Pune,UNKNOWN,UNKNOWN,UNKNOWN,UNRESOLVED
IND_113.jpg,Bhimtal,Uttarakhand,UNKNOWN,UNKNOWN,UNKNOWN,UNRESOLVED
IND_114.jpg,Hooghly River,Kolkata,UNKNOWN,UNKNOWN,UNKNOWN,UNRESOLVED
IND_115.jpg,Yamuna River,Delhi,UNKNOWN,UNKNOWN,UNKNOWN,UNRESOLVED
IND_116.jpg,Brahmaputra River,Guwahati,UNKNOWN,UNKNOWN,UNKNOWN,UNRESOLVED
IND_117.jpg,Pangong Lake,Ladakh,UNKNOWN,UNKNOWN,UNKNOWN,UNRESOLVED
IND_118.jpg,Musi River,Hyderabad,UNKNOWN,UNKNOWN,UNKNOWN,UNRESOLVED
IND_119.jpg,Nainital Lake,Nainital,UNKNOWN,UNKNOWN,UNKNOWN,UNRESOLVED
IND_120.jpg,Kaveri River,Srirangapatna,UNKNOWN,UNKNOWN,UNKNOWN,UNRESOLVED
IND_121.jpg,Musi River,Hyderabad,UNKNOWN,UNKNOWN,UNKNOWN,UNRESOLVED
IND_122.jpg,Wular Lake,Srinagar,UNKNOWN,UNKNOWN,UNKNOWN,UNRESOLVED
IND_123.jpg,Bhojtal,Bhopal,UNKNOWN,UNKNOWN,UNKNOWN,UNRESOLVED
IND_124.jpg,Canal,Punjab,UNKNOWN,UNKNOWN,UNKNOWN,UNRESOLVED
IND_125.jpg,Yamuna River,Delhi,UNKNOWN,UNKNOWN,UNKNOWN,UNRESOLVED
IND_126.jpg,Chilika Lake,Odisha,UNKNOWN,UNKNOWN,UNKNOWN,UNRESOLVED
IND_127.jpg,Hussain Sagar,Hyderabad,UNKNOWN,UNKNOWN,UNKNOWN,UNRESOLVED
IND_128.jpg,Loktak Lake,Imphal,UNKNOWN,UNKNOWN,UNKNOWN,UNRESOLVED
IND_129.jpg,Temple Tank,Tamil Nadu,UNKNOWN,UNKNOWN,UNKNOWN,UNRESOLVED
IND_130.jpg,Unknown River,Maharashtra,UNKNOWN,UNKNOWN,UNKNOWN,UNRESOLVED
IND_131.jpg,Hussain Sagar,Hyderabad,UNKNOWN,UNKNOWN,UNKNOWN,UNRESOLVED
IND_132.jpg,Canal,Punjab,UNKNOWN,UNKNOWN,UNKNOWN,UNRESOLVED
IND_133.jpg,Ropar Wetland,Punjab,UNKNOWN,UNKNOWN,UNKNOWN,UNRESOLVED
IND_134.jpg,Loktak Lake,Imphal,UNKNOWN,UNKNOWN,UNKNOWN,UNRESOLVED
IND_135.jpg,Vrishabhavathi River,Bengaluru,UNKNOWN,UNKNOWN,UNKNOWN,UNRESOLVED
IND_136.jpg,Temple Tank,Tamil Nadu,UNKNOWN,UNKNOWN,UNKNOWN,UNRESOLVED
IND_137.jpg,Tso Moriri,Ladakh,UNKNOWN,UNKNOWN,UNKNOWN,UNRESOLVED
IND_138.jpg,Musi River,Hyderabad,UNKNOWN,UNKNOWN,UNKNOWN,UNRESOLVED
IND_139.jpg,Pangong Lake,Ladakh,UNKNOWN,UNKNOWN,UNKNOWN,UNRESOLVED
IND_140.jpg,Tso Moriri,Ladakh,UNKNOWN,UNKNOWN,UNKNOWN,UNRESOLVED
IND_141.jpg,Bellandur Lake,Bengaluru,UNKNOWN,UNKNOWN,UNKNOWN,UNRESOLVED
IND_142.jpg,Unknown Lake,Karnataka,UNKNOWN,UNKNOWN,UNKNOWN,UNRESOLVED
IND_143.jpg,Fateh Sagar,Udaipur,UNKNOWN,UNKNOWN,UNKNOWN,UNRESOLVED
IND_144.jpg,Gomti River,Lucknow,UNKNOWN,UNKNOWN,UNKNOWN,UNRESOLVED
IND_145.jpg,Hooghly River,Kolkata,UNKNOWN,UNKNOWN,UNKNOWN,UNRESOLVED
IND_146.jpg,Pichola Lake,Udaipur,UNKNOWN,UNKNOWN,UNKNOWN,UNRESOLVED
IND_147.jpg,Sambhar Lake,Rajasthan,UNKNOWN,UNKNOWN,UNKNOWN,UNRESOLVED
IND_148.jpg,Brahmaputra River,Guwahati,UNKNOWN,UNKNOWN,UNKNOWN,UNRESOLVED
IND_149.jpg,Musi River,Hyderabad,UNKNOWN,UNKNOWN,UNKNOWN,UNRESOLVED
IND_150.jpg,Hussain Sagar,Hyderabad,UNKNOWN,UNKNOWN,UNKNOWN,UNRESOLVED
IND_151.jpg,Dal Lake,Srinagar,UNKNOWN,UNKNOWN,UNKNOWN,UNRESOLVED
IND_152.jpg,Pangong Lake,Ladakh,UNKNOWN,UNKNOWN,UNKNOWN,UNRESOLVED
IND_153.jpg,Bellandur Lake,Bengaluru,UNKNOWN,UNKNOWN,UNKNOWN,UNRESOLVED
IND_154.jpg,Upper Lake,Bhopal,UNKNOWN,UNKNOWN,UNKNOWN,UNRESOLVED
IND_155.jpg,Ganga River,Varanasi,UNKNOWN,UNKNOWN,UNKNOWN,UNRESOLVED
IND_156.jpg,Pushkar Lake,Ajmer,UNKNOWN,UNKNOWN,UNKNOWN,UNRESOLVED
IND_157.jpg,Pushkar Lake,Ajmer,UNKNOWN,UNKNOWN,UNKNOWN,UNRESOLVED
IND_158.jpg,Fateh Sagar,Udaipur,UNKNOWN,UNKNOWN,UNKNOWN,UNRESOLVED
IND_159.jpg,Temple Tank,Tamil Nadu,UNKNOWN,UNKNOWN,UNKNOWN,UNRESOLVED
IND_160.jpg,Hooghly River,Kolkata,UNKNOWN,UNKNOWN,UNKNOWN,UNRESOLVED
IND_161.jpg,Fateh Sagar,Udaipur,UNKNOWN,UNKNOWN,UNKNOWN,UNRESOLVED
IND_162.jpg,Brahmaputra River,Guwahati,UNKNOWN,UNKNOWN,UNKNOWN,UNRESOLVED
IND_163.jpg,Stepwell,Rajasthan,UNKNOWN,UNKNOWN,UNKNOWN,UNRESOLVED
IND_164.jpg,Fateh Sagar,Udaipur,UNKNOWN,UNKNOWN,UNKNOWN,UNRESOLVED
IND_165.jpg,Wular Lake,Srinagar,UNKNOWN,UNKNOWN,UNKNOWN,UNRESOLVED
IND_166.jpg,Canal,Punjab,UNKNOWN,UNKNOWN,UNKNOWN,UNRESOLVED
IND_167.jpg,Pangong Lake,Ladakh,UNKNOWN,UNKNOWN,UNKNOWN,UNRESOLVED
IND_168.jpg,Bhimtal,Uttarakhand,UNKNOWN,UNKNOWN,UNKNOWN,UNRESOLVED
IND_169.jpg,Bhimtal,Uttarakhand,UNKNOWN,UNKNOWN,UNKNOWN,UNRESOLVED
IND_170.jpg,Unknown Lake,Karnataka,UNKNOWN,UNKNOWN,UNKNOWN,UNRESOLVED
IND_171.jpg,Unknown River,Maharashtra,UNKNOWN,UNKNOWN,UNKNOWN,UNRESOLVED
IND_172.jpg,Bhojtal,Bhopal,UNKNOWN,UNKNOWN,UNKNOWN,UNRESOLVED
IND_173.jpg,Pangong Lake,Ladakh,UNKNOWN,UNKNOWN,UNKNOWN,UNRESOLVED
IND_174.jpg,Canal,Punjab,UNKNOWN,UNKNOWN,UNKNOWN,UNRESOLVED
IND_175.jpg,Village Pond,Tamil Nadu,UNKNOWN,UNKNOWN,UNKNOWN,UNRESOLVED
IND_176.jpg,Yamuna River,Delhi,UNKNOWN,UNKNOWN,UNKNOWN,UNRESOLVED
IND_177.jpg,Tso Moriri,Ladakh,UNKNOWN,UNKNOWN,UNKNOWN,UNRESOLVED
IND_178.jpg,Adyar River,Chennai,UNKNOWN,UNKNOWN,UNKNOWN,UNRESOLVED
IND_179.jpg,Tso Moriri,Ladakh,UNKNOWN,UNKNOWN,UNKNOWN,UNRESOLVED
IND_180.jpg,Yamuna River,Delhi,UNKNOWN,UNKNOWN,UNKNOWN,UNRESOLVED
IND_181.jpg,Pushkar Lake,Ajmer,UNKNOWN,UNKNOWN,UNKNOWN,UNRESOLVED
IND_182.jpg,Loktak Lake,Imphal,UNKNOWN,UNKNOWN,UNKNOWN,UNRESOLVED
IND_183.jpg,Loktak Lake,Imphal,UNKNOWN,UNKNOWN,UNKNOWN,UNRESOLVED
IND_184.jpg,Bhimtal,Uttarakhand,UNKNOWN,UNKNOWN,UNKNOWN,UNRESOLVED
IND_185.jpg,Yamuna River,Delhi,UNKNOWN,UNKNOWN,UNKNOWN,UNRESOLVED
IND_186.jpg,Bhojtal,Bhopal,UNKNOWN,UNKNOWN,UNKNOWN,UNRESOLVED
IND_187.jpg,Hussain Sagar,Hyderabad,UNKNOWN,UNKNOWN,UNKNOWN,UNRESOLVED
IND_188.jpg,Musi River,Hyderabad,UNKNOWN,UNKNOWN,UNKNOWN,UNRESOLVED
IND_189.jpg,Brahmaputra River,Guwahati,UNKNOWN,UNKNOWN,UNKNOWN,UNRESOLVED
IND_190.jpg,Vrishabhavathi River,Bengaluru,UNKNOWN,UNKNOWN,UNKNOWN,UNRESOLVED
IND_191.jpg,Chilika Lake,Odisha,UNKNOWN,UNKNOWN,UNKNOWN,UNRESOLVED
IND_192.jpg,Backwaters,Kerala,UNKNOWN,UNKNOWN,UNKNOWN,UNRESOLVED
IND_193.jpg,Hooghly River,Kolkata,UNKNOWN,UNKNOWN,UNKNOWN,UNRESOLVED
IND_194.jpg,Unknown Lake,Karnataka,UNKNOWN,UNKNOWN,UNKNOWN,UNRESOLVED
IND_195.jpg,Nainital Lake,Nainital,UNKNOWN,UNKNOWN,UNKNOWN,UNRESOLVED
IND_196.jpg,Pangong Lake,Ladakh,UNKNOWN,UNKNOWN,UNKNOWN,UNRESOLVED
IND_197.jpg,Unknown Lake,Karnataka,UNKNOWN,UNKNOWN,UNKNOWN,UNRESOLVED
IND_198.jpg,Brahmaputra River,Guwahati,UNKNOWN,UNKNOWN,UNKNOWN,UNRESOLVED
IND_199.jpg,Unknown River,Maharashtra,UNKNOWN,UNKNOWN,UNKNOWN,UNRESOLVED
IND_200.jpg,Canal,Punjab,UNKNOWN,UNKNOWN,UNKNOWN,UNRESOLVED
